{"cameraMode":{"drawMode":0,"name":"Shaded","section":"Shading Mode"},"sceneLighting":true,"audioPlay":false,"sceneViewState":{"showFog":true,"showMaterialUpdate":false,"showSkybox":true,"showFlares":true,"showImageEffects":true,"showParticleSystems":true,"showVisualEffectGraphs":true,"m_FxEnabled":true},"in2DMode":false,"pivot":{"x":-3.035552740097046,"y":-22.503360748291017,"z":26.095096588134767},"rotation":{"x":0.3673836290836334,"y":-0.008638955652713776,"z":0.0034155077300965788,"w":0.930033266544342},"size":27.15755271911621,"orthographic":false}