{"cameraMode":{"drawMode":0,"name":"Shaded","section":"Shading Mode"},"sceneLighting":true,"audioPlay":false,"sceneViewState":{"showFog":true,"showMaterialUpdate":false,"showSkybox":true,"showFlares":true,"showImageEffects":true,"showParticleSystems":true,"showVisualEffectGraphs":true,"m_FxEnabled":true},"in2DMode":false,"pivot":{"x":-1.8565444946289063,"y":3.898419141769409,"z":24.564952850341798},"rotation":{"x":-0.0072023808024823669,"y":0.03687330335378647,"z":-0.00025667937006801367,"w":-0.9993044137954712},"size":24.646682739257814,"orthographic":false}