{"cameraMode":{"drawMode":0,"name":"Shaded","section":"Shading Mode"},"sceneLighting":true,"audioPlay":false,"sceneViewState":{"showFog":true,"showMaterialUpdate":false,"showSkybox":true,"showFlares":true,"showImageEffects":true,"showParticleSystems":true,"showVisualEffectGraphs":true,"m_FxEnabled":true},"in2DMode":false,"pivot":{"x":-8.821921348571778,"y":-26.13070297241211,"z":178.78956604003907},"rotation":{"x":0.08685871213674545,"y":-0.025083154439926149,"z":0.0022067632526159288,"w":0.9958768486976624},"size":105.16986846923828,"orthographic":false}