{"cameraMode":{"drawMode":0,"name":"Shaded","section":"Shading Mode"},"sceneLighting":true,"audioPlay":false,"sceneViewState":{"showFog":true,"showMaterialUpdate":false,"showSkybox":true,"showFlares":true,"showImageEffects":true,"showParticleSystems":true,"showVisualEffectGraphs":true,"m_FxEnabled":true},"in2DMode":false,"pivot":{"x":-2.2056734561920168,"y":-0.21338105201721192,"z":28.175682067871095},"rotation":{"x":-0.04916514456272125,"y":0.030841076746582986,"z":-0.0015027731424197555,"w":-0.9983310103416443},"size":17.477394104003908,"orthographic":false}