{"cameraMode":{"drawMode":0,"name":"Shaded","section":"Shading Mode"},"sceneLighting":true,"audioPlay":false,"sceneViewState":{"showFog":true,"showMaterialUpdate":false,"showSkybox":true,"showFlares":true,"showImageEffects":true,"showParticleSystems":true,"showVisualEffectGraphs":true,"m_FxEnabled":true},"in2DMode":false,"pivot":{"x":-15.624281883239746,"y":-85.47366333007813,"z":157.10520935058595},"rotation":{"x":0.25193193554878237,"y":-0.04756786301732063,"z":0.01241893321275711,"w":0.9664698243141174},"size":104.77499389648438,"orthographic":false}