{"cameraMode":{"drawMode":0,"name":"Shaded","section":"Shading Mode"},"sceneLighting":true,"audioPlay":false,"sceneViewState":{"showFog":true,"showMaterialUpdate":false,"showSkybox":true,"showFlares":true,"showImageEffects":true,"showParticleSystems":true,"showVisualEffectGraphs":true,"m_FxEnabled":true},"in2DMode":false,"pivot":{"x":-2.632354259490967,"y":-0.15063953399658204,"z":29.228504180908204},"rotation":{"x":-0.10444647818803787,"y":0.03667318448424339,"z":-0.0038463419768959285,"w":-0.9938615560531616},"size":20.50685691833496,"orthographic":false}