{"cameraMode":{"drawMode":0,"name":"Shaded","section":"Shading Mode"},"sceneLighting":true,"audioPlay":false,"sceneViewState":{"showFog":true,"showMaterialUpdate":false,"showSkybox":true,"showFlares":true,"showImageEffects":true,"showParticleSystems":true,"showVisualEffectGraphs":true,"m_FxEnabled":true},"in2DMode":false,"pivot":{"x":0.5823386311531067,"y":2.6144182682037355,"z":132.4401092529297},"rotation":{"x":0.001499708159826696,"y":0.0018161205807700754,"z":-0.0000030840712952340256,"w":0.9999948740005493},"size":88.26326751708985,"orthographic":false}