{"cameraMode":{"drawMode":0,"name":"Shaded","section":"Shading Mode"},"sceneLighting":false,"audioPlay":false,"sceneViewState":{"showFog":true,"showMaterialUpdate":false,"showSkybox":false,"showFlares":true,"showImageEffects":true,"showParticleSystems":true,"showVisualEffectGraphs":true,"m_FxEnabled":true},"in2DMode":false,"pivot":{"x":0.1976790726184845,"y":0.6584070324897766,"z":-1.2767750024795533},"rotation":{"x":0.05087858438491821,"y":-0.0610632598400116,"z":0.0031388141214847566,"w":0.9968063235282898},"size":1.827162504196167,"orthographic":false}