{"cameraMode":{"drawMode":0,"name":"Shaded","section":"Shading Mode"},"sceneLighting":false,"audioPlay":false,"sceneViewState":{"showFog":true,"showMaterialUpdate":false,"showSkybox":false,"showFlares":true,"showImageEffects":true,"showParticleSystems":true,"showVisualEffectGraphs":true,"m_FxEnabled":true},"in2DMode":false,"pivot":{"x":-2.632354259490967,"y":-0.15063953399658204,"z":29.228504180908204},"rotation":{"x":-0.0072023808024823669,"y":0.03687330335378647,"z":-0.00025667937006801367,"w":-0.9993044137954712},"size":1.7660253047943116,"orthographic":false}