{"cameraMode":{"drawMode":0,"name":"Shaded","section":"Shading Mode"},"sceneLighting":false,"audioPlay":false,"sceneViewState":{"showFog":true,"showMaterialUpdate":false,"showSkybox":false,"showFlares":true,"showImageEffects":true,"showParticleSystems":true,"showVisualEffectGraphs":true,"m_FxEnabled":true},"in2DMode":false,"pivot":{"x":-0.010591506958007813,"y":0.5334455966949463,"z":0.052274852991104129},"rotation":{"x":0.08685871213674545,"y":-0.025083154439926149,"z":0.0022067632526159288,"w":0.9958768486976624},"size":1.8831465244293213,"orthographic":false}